<edmx:Edmx xmlns:edmx="http://schemas.microsoft.com/ado/2007/06/edmx" Version="1.0">
	<edmx:DataServices xmlns:m="http://schemas.microsoft.com/ado/2007/08/dataservices/metadata" m:DataServiceVersion="2.0">
		<Schema xmlns:d="http://schemas.microsoft.com/ado/2007/08/dataservices"
			xmlns:m="http://schemas.microsoft.com/ado/2007/08/dataservices/metadata" xmlns="http://schemas.microsoft.com/ado/2008/09/edm"
			Namespace="ecopetrol.equipos">
			<EntityType Name="equiposType">
				<Key><PropertyRef Name="ID"/></Key><Property Name="ID" Type="Edm.String" Nullable="false" MaxLength="10"/><Property Name="Descripcion" Type="Edm.String" MaxLength="50"/><Property Name="Tipo" Type="Edm.String" MaxLength="50"/><Property Name="FechaFin" Type="Edm.DateTime"/><Property Name="Tag" Type="Edm.String" MaxLength="50"/><Property Name="UbiTec" Type="Edm.String" MaxLength="50"/><Property Name="RPM" Type="Edm.String" MaxLength="50"/><Property Name="Temperatura" Type="Edm.Int32"/><Property Name="Vibracion" Type="Edm.String" MaxLength="50"/><Property Name="Estado" Type="Edm.String" MaxLength="50"/></EntityType>
			<EntityType Name="avisosType">
				<Key><PropertyRef Name="Equipo"/><PropertyRef Name="Aviso"/></Key><Property Name="Equipo" Type="Edm.String" Nullable="false" MaxLength="10"/><Property Name="Aviso" Type="Edm.Int32" Nullable="false"/><Property Name="ClaseAviso" Type="Edm.String" MaxLength="50"/><Property Name="Descripcion" Type="Edm.String" MaxLength="50"/><Property Name="InicioDeseado" Type="Edm.DateTime"/><Property Name="FinDeseado" Type="Edm.DateTime"/><Property Name="AutorAviso" Type="Edm.String" MaxLength="50"/><Property Name="TextoExplicativo" Type="Edm.String" MaxLength="50"/><Property Name="Orden" Type="Edm.String" MaxLength="50"/><Property Name="InicioAveria" Type="Edm.DateTime"/><Property Name="FinAveria" Type="Edm.DateTime"/></EntityType>
			<EntityType Name="ordenesType">
				<Key><PropertyRef Name="Equipo"/><PropertyRef Name="Orden"/></Key><Property Name="Equipo" Type="Edm.String" Nullable="false" MaxLength="10"/><Property Name="Orden" Type="Edm.String" Nullable="false" MaxLength="50"/><Property Name="ClaseOrden" Type="Edm.String" MaxLength="50"/><Property Name="TextoBreve" Type="Edm.String" MaxLength="50"/><Property Name="TextoExplicativo" Type="Edm.String" MaxLength="50"/><Property Name="FechaFinReal" Type="Edm.DateTime"/><Property Name="Reserva" Type="Edm.String" MaxLength="50"/></EntityType>
			<EntityType Name="materialesType">
				<Key><PropertyRef Name="Equipo"/><PropertyRef Name="Aviso"/><PropertyRef Name="Material"/></Key><Property Name="Equipo" Type="Edm.String" Nullable="false" MaxLength="10"/><Property Name="Aviso" Type="Edm.Int32" Nullable="false"/><Property Name="Material" Type="Edm.Int32" Nullable="false"/><Property Name="Descripcion" Type="Edm.String" MaxLength="50"/><Property Name="Requerido" Type="Edm.String" MaxLength="50"/><Property Name="Stock" Type="Edm.String" MaxLength="50"/><Property Name="Um" Type="Edm.String" MaxLength="50"/></EntityType>
			<EntityContainer Name="equipos" m:IsDefaultEntityContainer="true"><EntitySet Name="equipos" EntityType="ecopetrol.equipos.equiposType"/><EntitySet Name="avisos" EntityType="ecopetrol.equipos.avisosType"/><EntitySet Name="ordenes" EntityType="ecopetrol.equipos.ordenesType"/><EntitySet Name="materiales" EntityType="ecopetrol.equipos.materialesType"/></EntityContainer>
		</Schema>
	</edmx:DataServices>
</edmx:Edmx>