[
  {
    "Aviso": "1",
    "Equipo": "10000001",
    "ClaseAviso": "Preventivo",
    "Descripcion": "Revisión mensual",
    "InicioDeseado": "",
    "FinDeseado": "",
    "AutorAviso": "Juan Peréz"
  },
  {
    "Aviso": "2",
    "Equipo": "10000001",
    "ClaseAviso": "Correctivo",
    "Descripcion": "Hay problemas con la cinta del motor",
    "InicioDeseado": "",
    "FinDeseado": "",
    "AutorAviso": "William Bedoya"
  },
    {
    "Aviso": "3",
    "Equipo": "10000001",
    "ClaseAviso": "Preventivo",
    "Descripcion": "Revisión trimestral",
    "InicioDeseado": "",
    "FinDeseado": "",
    "AutorAviso": "Diana Montaño"
  },
    {
    "Aviso": "4",
    "Equipo": "20000002",
    "ClaseAviso": "Correctivo",
    "Descripcion": "Problema electrico",
    "InicioDeseado": "",
    "FinDeseado": "",
    "AutorAviso": "Mauricio Vanegas"
  },
    {
    "Aviso": "5",
    "Equipo": "20000002",
    "ClaseAviso": "Preventivo",
    "Descripcion": "Revisión trimestral",
    "InicioDeseado": "",
    "FinDeseado": "",
    "AutorAviso": "Andrés Sanchez"
  },
    {
    "Aviso": "6",
    "Equipo": "30000003",
    "ClaseAviso": "Correctivo",
    "Descripcion": "Problema electrico",
    "InicioDeseado": "",
    "FinDeseado": "",
    "AutorAviso": "Nataly Pelaez"
  },
    {
    "Aviso": "7",
    "Equipo": "30000003",
    "ClaseAviso": "Preventivo",
    "Descripcion": "Revisión semestral",
    "InicioDeseado": "",
    "FinDeseado": "",
    "AutorAviso": "Juan Peréz"
  }  
]