[
  {
    "ID": 10000001,
    "Descripcion": "Motor",
    "Tipo": "Repuesto",
    "FechaFin": "",
    "Tag": "S00000000001",
    "UbiTec": "Barranca",
    "RPM": "10000",
    "Temperatura": "30",
	"Vibracion": "",
	"Estado": "Urgente"
  },
  {
    "ID": 20000002,
    "Descripcion": "Taladro",
    "Tipo": "Maquinaria",
    "FechaFin": "",
    "Tag": "S00000000002",
    "UbiTec": "Barranca",
    "RPM": "288999",
    "Temperatura": "40",
	"Vibracion": "",
	"Estado": "Urgente"
  },
  {
    "ID": 300000003,
    "Descripcion": "Troqueladora",
    "Tipo": "Maquinaria",
    "FechaFin": "",
    "Tag": "S00000000003",
    "UbiTec": "Barranca",
    "RPM": "13000",
    "Temperatura": "40",
	"Vibracion": "",
	"Estado": "Urgente"
  },
  {
    "ID": 40000004,
    "Descripcion": "Montacarga",
    "Tipo": "Transporte",
    "FechaFin": "",
    "Tag": "S00000000004",
    "UbiTec": "Barranca",
    "RPM": "14000",
    "Temperatura": "40",
	"Vibracion": "",
	"Estado": "Completado"
  },
  {
    "ID": 5000005,
    "Descripcion": "Aire acondicionado",
    "Tipo": "Refrigeración",
    "FechaFin": "",
    "Tag": "S00000000007",
    "UbiTec": "Barranca",
    "RPM": "5000",
    "Temperatura": "40",
	"Vibracion": "",
	"Estado": "Pendiente"
  },
  {
    "ID": 60000006,
    "Descripcion": "Otros",
    "Tipo": "Otros",
    "FechaFin": "",
    "Tag": "S00000000009",
    "UbiTec": "Barranca",
    "RPM": "3000",
    "Temperatura": "40",
	"Vibracion": "",
	"Estado": "Completado"
  },
  {
    "ID": 70000008,
    "Descripcion": "Tractor",
    "Tipo": "Transporte",
    "FechaFin": "",
    "Tag": "S00000000009",
    "UbiTec": "Barranca",
    "RPM": "2000",
    "Temperatura": "40",
	"Vibracion": "",
	"Estado": "Pendiente"
  }  
]