[
  {
	"Material" : "10000001",
	"Aviso" : "1",
	"Equipo" : "10000001",
	"Descripcion" : "Tornillo",
	"Requerido " : "Si",
	"Stock" :  "300",
	"Um" :  "PC"
  },
  {
	"Material" : "20000001",
	"Aviso" : "1",
	"Equipo" : "10000001",
	"Descripcion" : "Tuerca",
	"Requerido " : "Si",
	"Stock" :  "400",
	"Um" : "PC"
  },
  {
	"Material" : "30000001",
	"Aviso" : "1",
	"Equipo" : "10000001",
	"Descripcion" : "Filtro",
	"Requerido " : "No",
	"Stock" :  "50",
	"Um" : "PC"
  },
  {
	"Material" : "40000001",
	"Aviso" : "2",
	"Equipo" : "20000002",
	"Descripcion" : "Cinta",
	"Requerido " : "Si",
	"Stock" :  "60",
	"Um" : "PC"
  },
  {
	"Material" : "50000001",
	"Aviso" : "3",
	"Equipo" : "30000003",
	"Descripcion" : "Cable resistencia",
	"Requerido " : "Si",
	"Stock" :  "40",
	"Um" : "PC"
  },
  {
	"Material" : "60000001",
	"Aviso" : "4",
	"Equipo" : "40000004",
	"Descripcion" : "Tajeta",
	"Requerido " : "Si",
	"Stock" :  "70",
	"Um" : "PC"
  },
  {
	"Material" : "70000001",
	"Aviso" : "5",
	"Equipo" : "50000005",
	"Descripcion" : "Engranaje",
	"Requerido " : "Si",
	"Stock" : "20",
	"Um" : "PC"
  }  
]