[
  {
	"Equipo" : "10000001",
	"Orden" : "S000001",
	"ClaseOrden" : "Servicio",
	"TextoBreve" : "Orden de servicio",
	"TextoExplicativo " : "Orden de servicio",
	"FechaFin " : "",
	"Reserva " : "30"
  },
  {
	"Equipo" : "20000002",
	"Orden" : "M000001",
	"ClaseOrden" : "Mantenimiento",
	"TextoBreve" : "Orden de Mantenimiento",
	"TextoExplicativo " : "Orden de Mantenimiento",
	"FechaFin " : "",
	"Reserva " : "30"
  },
  {
	"Equipo" : "30000003",
	"Orden" : "S000001",
	"ClaseOrden" : "Servicio",
	"TextoBreve" : "Orden de servicio",
	"TextoExplicativo " : "Orden de servicio",
	"FechaFin " : "",
	"Reserva " : "30"
  },
  {
	"Equipo" : "40000004",
	"Orden" : "R000001",
	"ClaseOrden" : "Reserva",
	"TextoBreve" : "Orden de reserva",
	"TextoExplicativo " : "Orden de reserva",
	"FechaFin " : "",
	"Reserva " : "30"
  },
  {
	"Equipo" : "50000005",
	"Orden" : "R000001",
	"ClaseOrden" : "Mantenimiento",
	"TextoBreve" : "Orden de servicio",
	"TextoExplicativo " : "Orden de servicio",
	"FechaFin " : "",
	"Reserva " : "30"
  },
  {
	"Equipo" : "10000001",
	"Orden" : "R000001",
	"ClaseOrden" : "Mantenimiento",
	"TextoBreve" : "Orden de servicio",
	"TextoExplicativo " : "Orden de servicio",
	"FechaFin " : "",
	"Reserva " : "30"
  },
  {
	"Equipo" : "10000001",
	"Orden" : "R000001",
	"ClaseOrden" : "Mantenimiento",
	"TextoBreve" : "Orden de servicio",
	"TextoExplicativo " : "Orden de servicio",
	"FechaFin " : "",
	"Reserva " : "30"
  }  
]